stockID,symbol,status,samples,testSamples,moveModel,directionModel,moveThreshold,directionThreshold,accuracy,actionPrecision,actionRecall,actionRate,flatRate,directionAccuracyOnRealMoves,movePrecision,moveRecall,movePositiveRate,validationActionPrecision,selectionGap
1,KONYA.IS,ok,1079,269.0,random_forest_balanced,random_forest_balanced,0.6,0.55,44.98,32.35,7.69,12.64,87.36,7.69,55.1,18.88,18.22,100.0,-67.65
2,THYAO.IS,ok,1078,269.0,random_forest_balanced,logistic_balanced,0.65,0.75,47.96,0.0,0.0,0.0,100.0,0.0,66.67,1.43,1.12,100.0,-100.0
3,TUPRS.IS,ok,1082,270.0,random_forest_balanced,random_forest_balanced,0.35,0.75,44.81,50.0,5.96,6.67,93.33,5.96,55.97,99.34,99.26,100.0,-50.0
4,EREGL.IS,ok,1080,270.0,random_forest_balanced,random_forest_balanced,0.7,0.55,35.56,16.67,2.91,11.11,88.89,2.91,73.47,20.93,18.15,75.0,-58.33
5,SISE.IS,ok,1079,269.0,gradient_boosting,gradient_boosting,0.35,0.55,31.23,29.18,43.59,86.62,13.38,43.59,59.38,97.44,95.17,32.82,-3.64
6,ASELS.IS,ok,1080,270.0,gradient_boosting,logistic_balanced,0.35,0.55,45.93,43.14,53.99,75.56,24.44,53.99,64.52,85.89,80.37,32.76,10.38
7,FROTO.IS,ok,1083,270.0,random_forest_balanced,logistic_balanced,0.7,0.5,39.63,11.76,1.28,6.3,93.7,1.28,47.06,5.13,6.3,100.0,-88.24
8,KRDMD.IS,ok,1080,270.0,logistic_balanced,random_forest_balanced,0.35,0.75,33.33,37.5,1.67,2.96,97.04,1.67,65.55,86.67,88.15,100.0,-62.5
9,DOFER.IS,ok,276,69.0,gradient_boosting,gradient_boosting,0.45,0.6,49.28,34.88,50.0,62.32,37.68,50.0,51.11,76.67,65.22,36.84,-1.96
10,KCAER.IS,ok,420,105.0,logistic_balanced,gradient_boosting,0.4,0.55,32.38,24.0,34.62,71.43,28.57,34.62,49.41,80.77,80.95,77.78,-53.78
11,ALARK.IS,ok,1082,270.0,random_forest_balanced,random_forest_balanced,0.7,0.6,37.78,0.0,0.0,2.22,97.78,0.0,40.0,2.44,3.7,66.67,-66.67
12,ECZYT.IS,ok,1080,270.0,logistic_balanced,random_forest_balanced,0.7,0.7,49.63,40.0,1.48,1.85,98.15,1.48,48.39,11.11,11.48,100.0,-60.0
13,ALTNY.IS,skipped,214,,,,,,,,,,,,,,,,
14,SDTTR.IS,ok,340,85.0,logistic_balanced,random_forest_balanced,0.65,0.75,55.29,0.0,0.0,17.65,82.35,0.0,52.94,52.94,40.0,50.0,-50.0
15,ONRYT.IS,skipped,211,,,,,,,,,,,,,,,,
16,OTKAR.IS,ok,1080,270.0,logistic_balanced,random_forest_balanced,0.7,0.65,43.7,14.29,0.66,2.59,97.41,0.66,79.49,20.39,14.44,100.0,-85.71
17,KCHOL.IS,ok,1080,270.0,gradient_boosting,random_forest_balanced,0.75,0.65,37.78,60.0,3.49,3.7,96.3,3.49,76.6,20.93,17.41,100.0,-40.0
18,TOASO.IS,ok,1080,270.0,logistic_balanced,logistic_balanced,0.75,0.7,39.26,50.0,1.83,2.22,97.78,1.83,64.71,6.71,6.3,100.0,-50.0
19,GARAN.IS,ok,1079,269.0,gradient_boosting,random_forest_balanced,0.5,0.65,47.21,28.57,5.93,10.41,89.59,5.93,51.08,52.59,51.67,83.33,-54.76
20,XU100.IS,ok,1076,269.0,random_forest_balanced,random_forest_balanced,0.65,0.65,40.89,82.35,8.19,6.32,93.68,8.19,93.55,16.96,11.52,100.0,-17.65
21,AKBNK.IS,ok,1081,270.0,gradient_boosting,logistic_balanced,0.7,0.75,36.67,16.67,0.6,2.22,97.78,0.6,56.1,13.69,15.19,100.0,-83.33
22,NVDA,ok,1057,264.0,logistic_balanced,random_forest_balanced,0.6,0.65,56.82,40.0,8.85,9.47,90.53,8.85,46.25,32.74,30.3,100.0,-60.0
23,INTC,ok,1058,264.0,random_forest_balanced,random_forest_balanced,0.65,0.55,47.73,50.0,0.72,0.76,99.24,0.72,50.0,0.72,0.76,100.0,-50.0
24,ENKAI.IS,ok,1082,270.0,logistic_balanced,random_forest_balanced,0.75,0.6,43.7,21.43,1.99,5.19,94.81,1.99,65.52,12.58,10.74,100.0,-78.57
25,KOZAY,skipped,75,,,,,,,,,,,,,,,,
26,MIATK.IS,ok,466,116.0,gradient_boosting,random_forest_balanced,0.45,0.65,54.31,57.14,13.79,12.07,87.93,13.79,50.0,70.69,70.69,100.0,-42.86
27,TABGD.IS,ok,269,67.0,logistic_balanced,random_forest_balanced,0.5,0.5,65.67,55.88,65.52,50.75,49.25,65.52,61.76,72.41,50.75,41.94,13.94
28,REEDR.IS,ok,287,71.0,random_forest_balanced,logistic_balanced,0.75,0.5,43.66,33.33,7.69,12.68,87.32,7.69,55.56,12.82,12.68,66.67,-33.34
29,BIMAS.IS,ok,1084,271.0,logistic_balanced,random_forest_balanced,0.7,0.75,50.55,0.0,0.0,0.0,100.0,0.0,52.08,18.66,17.71,100.0,-100.0
30,ASTOR.IS,ok,336,84.0,random_forest_balanced,random_forest_balanced,0.7,0.55,29.76,0.0,0.0,1.19,98.81,0.0,100.0,1.69,1.19,100.0,-100.0
31,SASA.IS,ok,1002,250.0,logistic_balanced,logistic_balanced,0.6,0.65,40.0,25.27,17.69,36.4,63.6,17.69,51.94,51.54,51.6,48.89,-23.62
32,KONTR.IS,ok,602,150.0,logistic_balanced,logistic_balanced,0.75,0.5,49.33,58.62,19.54,19.33,80.67,19.54,79.31,26.44,19.33,30.0,28.62
33,ISDMR.IS,ok,1068,267.0,logistic_balanced,random_forest_balanced,0.5,0.75,44.19,40.0,4.05,5.62,94.38,4.05,62.92,75.68,66.67,100.0,-60.0
34,PETKM.IS,ok,1083,270.0,logistic_balanced,random_forest_balanced,0.75,0.7,45.93,66.67,1.36,1.11,98.89,1.36,55.56,6.8,6.67,100.0,-33.33
35,MAVI.IS,ok,974,243.0,random_forest_balanced,logistic_balanced,0.65,0.7,38.68,24.32,6.38,15.23,84.77,6.38,56.84,38.3,39.09,100.0,-75.68
36,EGEEN.IS,ok,1080,270.0,random_forest_balanced,random_forest_balanced,0.6,0.6,47.04,13.04,2.21,8.52,91.48,2.21,64.44,21.32,16.67,100.0,-86.96
37,IZENR.IS,ok,313,78.0,logistic_balanced,random_forest_balanced,0.65,0.55,42.31,28.57,9.3,17.95,82.05,9.3,50.0,23.26,25.64,100.0,-71.43
38,OBAMS.IS,skipped,221,,,,,,,,,,,,,,,,
39,ISCTR.IS,ok,1083,270.0,random_forest_balanced,gradient_boosting,0.6,0.65,40.0,57.69,17.05,19.26,80.74,17.05,68.6,33.52,31.85,100.0,-42.31
40,SAHOL.IS,ok,1079,269.0,logistic_balanced,logistic_balanced,0.6,0.75,44.61,38.71,7.95,11.52,88.48,7.95,63.55,45.03,39.78,46.43,-7.72
